,id,title,poster_path,video_key
0,545611,Everything Everywhere All at Once,https://image.tmdb.org/t/p/w500//w3LxiVYdWWRvEVdn5RYq6jIqkb1.jpg,https://www.youtube.com/embed/A7DgDpURLRY?controls=1&rel=0&mute=1&autoplay=1&loop=1&playlist=A7DgDpURLRY
1,836225,The Exorcism of God,https://image.tmdb.org/t/p/w500//hangTmbxpSV4gpHG7MgSlCWSSFa.jpg,https://www.youtube.com/embed/VdLI8I4jZD0?controls=1&rel=0&mute=1&autoplay=1&loop=1&playlist=VdLI8I4jZD0
2,890656,Fistful of Vengeance,https://image.tmdb.org/t/p/w500//3cccEF9QZgV9bLWyupJO41HSrOV.jpg,https://www.youtube.com/embed/vC_n_L1KGbo?controls=1&rel=0&mute=1&autoplay=1&loop=1&playlist=vC_n_L1KGbo
3,255709,Hope,https://image.tmdb.org/t/p/w500//z4lNqsc7uhSbtbniOS6r0fTIvv5.jpg,https://www.youtube.com/embed/9PsBBsX6TC0?controls=1&rel=0&mute=1&autoplay=1&loop=1&playlist=9PsBBsX6TC0
4,801071,The Jack in the Box: Awakening,https://image.tmdb.org/t/p/w500//3Ib8vlWTrAKRrTWUrTrZPOMW4jp.jpg,https://www.youtube.com/embed/7InYvYQq8DU?controls=1&rel=0&mute=1&autoplay=1&loop=1&playlist=7InYvYQq8DU
5,624860,The Matrix Resurrections,https://image.tmdb.org/t/p/w500//8c4a8kE7PizaGQQnditMmI1xbRp.jpg,https://www.youtube.com/embed/1dMip_riAbI?controls=1&rel=0&mute=1&autoplay=1&loop=1&playlist=1dMip_riAbI
6,533514,Violet Evergarden: The Movie,https://image.tmdb.org/t/p/w500//bajajkoErDst0JxdFyBkABiF9rW.jpg,https://www.youtube.com/embed/ZTkdCBSZbno?controls=1&rel=0&mute=1&autoplay=1&loop=1&playlist=ZTkdCBSZbno
7,791373,Zack Snyder's Justice League,https://image.tmdb.org/t/p/w500//tnAuB8q5vv7Ax9UAEje5Xi4BXik.jpg,https://www.youtube.com/embed/c-NotsoQyno?controls=1&rel=0&mute=1&autoplay=1&loop=1&playlist=c-NotsoQyno
8,951470,Silverton Siege,https://image.tmdb.org/t/p/w500//5HruMN0vvl84AqD7sCDXFNO4RhP.jpg,https://www.youtube.com/embed/L23I_XopoA0?controls=1&rel=0&mute=1&autoplay=1&loop=1&playlist=L23I_XopoA0
9,3082,Modern Times,https://image.tmdb.org/t/p/w500//7uoiKOEjxBBW0AgDGQWrlfGQ90w.jpg,https://www.youtube.com/embed/iXgJ5KiM33k?controls=1&rel=0&mute=1&autoplay=1&loop=1&playlist=iXgJ5KiM33k
10,10494,Perfect Blue,https://image.tmdb.org/t/p/w500//79vujbsWEbX4dzffBV541QXN6sf.jpg,https://www.youtube.com/embed/C1e1bT0Xjvw?controls=1&rel=0&mute=1&autoplay=1&loop=1&playlist=C1e1bT0Xjvw
11,406759,Moonfall,https://image.tmdb.org/t/p/w500//odVv1sqVs0KxBXiA8bhIBlPgalx.jpg,https://www.youtube.com/embed/1Z3MXc8KloU?controls=1&rel=0&mute=1&autoplay=1&loop=1&playlist=1Z3MXc8KloU
12,454626,Sonic the Hedgehog,https://image.tmdb.org/t/p/w500//aQvJ5WPzZgYVDrxLX4R6cLJCEaQ.jpg,https://www.youtube.com/embed/hoRLCr5NG3Y?controls=1&rel=0&mute=1&autoplay=1&loop=1&playlist=hoRLCr5NG3Y
13,777831,9 Bullets,https://image.tmdb.org/t/p/w500//cuFPxoFopAjFUz4oIMUzpzeTA8I.jpg,https://www.youtube.com/embed/FyZcUWLvyos?controls=1&rel=0&mute=1&autoplay=1&loop=1&playlist=FyZcUWLvyos
14,818397,Memory,https://image.tmdb.org/t/p/w500//4Q1n3TwieoULnuaztu9aFjqHDTI.jpg,https://www.youtube.com/embed/ye63hQLDj4k?controls=1&rel=0&mute=1&autoplay=1&loop=1&playlist=ye63hQLDj4k
15,524434,Eternals,https://image.tmdb.org/t/p/w500//bcCBq9N1EMo3daNIjWJ8kYvrQm6.jpg,https://www.youtube.com/embed/kWznlJ-hG_g?controls=1&rel=0&mute=1&autoplay=1&loop=1&playlist=kWznlJ-hG_g
16,656663,Jackass Forever,https://image.tmdb.org/t/p/w500//mlOXyDGxqBGpEmzV9LPQMudMgng.jpg,https://www.youtube.com/embed/p74bzf-beGc?controls=1&rel=0&mute=1&autoplay=1&loop=1&playlist=p74bzf-beGc
17,11216,Cinema Paradiso,https://image.tmdb.org/t/p/w500//8SRUfRUi6x4O68n0VCbDNRa6iGL.jpg,https://www.youtube.com/embed/C2-GX0Tltgw?controls=1&rel=0&mute=1&autoplay=1&loop=1&playlist=C2-GX0Tltgw
18,660942,The Innocents,https://image.tmdb.org/t/p/w500//aH0tQXZNRz8hMHtRXp7Iz4smy51.jpg,https://www.youtube.com/embed/EXbPo2YyX0s?controls=1&rel=0&mute=1&autoplay=1&loop=1&playlist=EXbPo2YyX0s
19,585245,Clifford the Big Red Dog,https://image.tmdb.org/t/p/w500//oifhfVhUcuDjE61V5bS5dfShQrm.jpg,https://www.youtube.com/embed/o9ri5DYLvkU?controls=1&rel=0&mute=1&autoplay=1&loop=1&playlist=o9ri5DYLvkU
20,522016,The 355,https://image.tmdb.org/t/p/w500//uQt2dJFMnJmAp9zLAWNfGilK0BW.jpg,https://www.youtube.com/embed/ysxTwoGMuNU?controls=1&rel=0&mute=1&autoplay=1&loop=1&playlist=ysxTwoGMuNU
21,712863,Dhaakad,https://image.tmdb.org/t/p/w500//ahVWU0YDD3qQysMridrwPBkTys7.jpg,https://www.youtube.com/embed/sTZEfZgFYU8?controls=1&rel=0&mute=1&autoplay=1&loop=1&playlist=sTZEfZgFYU8
22,1891,The Empire Strikes Back,https://image.tmdb.org/t/p/w500//2l05cFWJacyIsTpsqSgH0wQXe4V.jpg,https://www.youtube.com/embed/SHEFkHm20KQ?controls=1&rel=0&mute=1&autoplay=1&loop=1&playlist=SHEFkHm20KQ
23,522444,Black Water: Abyss,https://image.tmdb.org/t/p/w500//pmAv14TPE2vKMIRrVeCd1Ll7K94.jpg,https://www.youtube.com/embed/ZqE94By0TvE?controls=1&rel=0&mute=1&autoplay=1&loop=1&playlist=ZqE94By0TvE
24,526896,Morbius,https://image.tmdb.org/t/p/w500//6JjfSchsU6daXk2AKX8EEBjO3Fm.jpg,https://www.youtube.com/embed/N1-8SLr7oCE?controls=1&rel=0&mute=1&autoplay=1&loop=1&playlist=N1-8SLr7oCE
25,598,City of God,https://image.tmdb.org/t/p/w500//k7eYdWvhYQyRQoU2TB2A2Xu2TfD.jpg,https://www.youtube.com/embed/_mDvXaRJcTM?controls=1&rel=0&mute=1&autoplay=1&loop=1&playlist=_mDvXaRJcTM
26,585083,Hotel Transylvania: Transformania,https://image.tmdb.org/t/p/w500//teCy1egGQa0y8ULJvlrDHQKnxBL.jpg,https://www.youtube.com/embed/KKL6aGwybHg?controls=1&rel=0&mute=1&autoplay=1&loop=1&playlist=KKL6aGwybHg
27,58,Pirates of the Caribbean: Dead Man's Chest,https://image.tmdb.org/t/p/w500//uXEqmloGyP7UXAiphJUu2v2pcuE.jpg,https://www.youtube.com/embed/elqO-GNfStM?controls=1&rel=0&mute=1&autoplay=1&loop=1&playlist=elqO-GNfStM
28,752623,The Lost City,https://image.tmdb.org/t/p/w500//neMZH82Stu91d3iqvLdNQfqPPyl.jpg,https://www.youtube.com/embed/lWcD2icgoGs?controls=1&rel=0&mute=1&autoplay=1&loop=1&playlist=lWcD2icgoGs
29,283566,Evangelion: 3.0+1.0 Thrice Upon a Time,https://image.tmdb.org/t/p/w500//md5wZRRj8biHrGtyitgBZo7674t.jpg,https://www.youtube.com/embed/GZfuWMDEJpw?controls=1&rel=0&mute=1&autoplay=1&loop=1&playlist=GZfuWMDEJpw
30,294793,All the Old Knives,https://image.tmdb.org/t/p/w500//g4tMniKxol1TBJrHlAtiDjjlx4Q.jpg,https://www.youtube.com/embed/6s7NziAetNs?controls=1&rel=0&mute=1&autoplay=1&loop=1&playlist=6s7NziAetNs
31,846528,Family Camp,https://image.tmdb.org/t/p/w500//xpMvD6Kw3EzhJ2I8Vf9hGABWNbO.jpg,https://www.youtube.com/embed/VQ6qHA3dbLM?controls=1&rel=0&mute=1&autoplay=1&loop=1&playlist=VQ6qHA3dbLM
32,632632,Given,https://image.tmdb.org/t/p/w500//xKCtoYHUyX8zAg68eemnYa2orep.jpg,https://www.youtube.com/embed/XGKGjMGZwtk?controls=1&rel=0&mute=1&autoplay=1&loop=1&playlist=XGKGjMGZwtk
33,3782,Ikiru,https://image.tmdb.org/t/p/w500//dgNTS4EQDDVfkzJI5msKuHu2Ei3.jpg,https://www.youtube.com/embed/2VeLN3IDjzQ?controls=1&rel=0&mute=1&autoplay=1&loop=1&playlist=2VeLN3IDjzQ
34,670981,Prayers for the Stolen,https://image.tmdb.org/t/p/w500//kb0IrVB4bDzBilRNpDv1OPMCs3u.jpg,https://www.youtube.com/embed/mlLqfk_OFAA?controls=1&rel=0&mute=1&autoplay=1&loop=1&playlist=mlLqfk_OFAA
35,678287,Marmaduke,https://image.tmdb.org/t/p/w500//tvhX4QQnMyMjlFeShLCXovvbf0c.jpg,https://www.youtube.com/embed/F4v3vodCIkQ?controls=1&rel=0&mute=1&autoplay=1&loop=1&playlist=F4v3vodCIkQ
36,695962,Bhool Bhulaiyaa 2,https://image.tmdb.org/t/p/w500//fw0oMHiMt9qOuKEJEmzFiCNAnXc.jpg,https://www.youtube.com/embed/KlDUtTDm5jY?controls=1&rel=0&mute=1&autoplay=1&loop=1&playlist=KlDUtTDm5jY
37,588921,AINBO: Spirit of the Amazon,https://image.tmdb.org/t/p/w500//l8HyObVj8fPrzacAPtGWWLDhcfh.jpg,https://www.youtube.com/embed/fMbV1BDlmqQ?controls=1&rel=0&mute=1&autoplay=1&loop=1&playlist=fMbV1BDlmqQ
38,507156,The Gools,https://image.tmdb.org/t/p/w500//wQkbRMCM90EELAtl9MJZSbLm4A1.jpg,https://www.youtube.com/embed/qXzKfEQBxJ8?controls=1&rel=0&mute=1&autoplay=1&loop=1&playlist=qXzKfEQBxJ8
39,767825,Moonshot,https://image.tmdb.org/t/p/w500//thqgzBPEDYQX0taszVus5nYMtTZ.jpg,https://www.youtube.com/embed/KtEoKAIVntg?controls=1&rel=0&mute=1&autoplay=1&loop=1&playlist=KtEoKAIVntg
40,760868,Black Crab,https://image.tmdb.org/t/p/w500//mcIYHZYwUbvhvUt8Lb5nENJ7AlX.jpg,https://www.youtube.com/embed/fmjKsL_-rfw?controls=1&rel=0&mute=1&autoplay=1&loop=1&playlist=fmjKsL_-rfw
41,926899,The House,https://image.tmdb.org/t/p/w500//iZjMFSKCrleKolC1gYcz5Rs8bk1.jpg,https://www.youtube.com/embed/wqbZlAEUb5w?controls=1&rel=0&mute=1&autoplay=1&loop=1&playlist=wqbZlAEUb5w
42,372058,Your Name.,https://image.tmdb.org/t/p/w500//q719jXXEzOoYaps6babgKnONONX.jpg,https://www.youtube.com/embed/A0TAIXa2jFE?controls=1&rel=0&mute=1&autoplay=1&loop=1&playlist=A0TAIXa2jFE
43,284052,Doctor Strange,https://image.tmdb.org/t/p/w500//uGBVj3bEbCoZbDjjl9wTxcygko1.jpg,https://www.youtube.com/embed/HSzx-zryEgM?controls=1&rel=0&mute=1&autoplay=1&loop=1&playlist=HSzx-zryEgM
44,207,Dead Poets Society,https://image.tmdb.org/t/p/w500//ai40gM7SUaGA6fthvsd87o8IQq4.jpg,https://www.youtube.com/embed/ye4KFyWu2do?controls=1&rel=0&mute=1&autoplay=1&loop=1&playlist=ye4KFyWu2do
45,1865,Pirates of the Caribbean: On Stranger Tides,https://image.tmdb.org/t/p/w500//keGfSvCmYj7CvdRx36OdVrAEibE.jpg,https://www.youtube.com/embed/Ax6md6HoZ2o?controls=1&rel=0&mute=1&autoplay=1&loop=1&playlist=Ax6md6HoZ2o
46,637920,Miracle in Cell No. 7,https://image.tmdb.org/t/p/w500//bOth4QmNyEkalwahfPCfiXjNh1r.jpg,https://www.youtube.com/embed/bDAkHkR6fwA?controls=1&rel=0&mute=1&autoplay=1&loop=1&playlist=bDAkHkR6fwA
47,29259,Le Trou,https://image.tmdb.org/t/p/w500//8kxtOm7D992iAaOzUoWmNQwbXjs.jpg,https://www.youtube.com/embed/g2Sbo6JpDsY?controls=1&rel=0&mute=1&autoplay=1&loop=1&playlist=g2Sbo6JpDsY
48,751237,Umma,https://image.tmdb.org/t/p/w500//moLnqJmZ00i2opS0bzCVcaGC0iI.jpg,https://www.youtube.com/embed/QQdXvvtu-iI?controls=1&rel=0&mute=1&autoplay=1&loop=1&playlist=QQdXvvtu-iI
49,916964,En la mira,https://image.tmdb.org/t/p/w500//2iFJozVu3MmSzxad2MfJuG2s6iM.jpg,https://www.youtube.com/embed/9U2ZARjPamk?controls=1&rel=0&mute=1&autoplay=1&loop=1&playlist=9U2ZARjPamk
50,638985,KKN di Desa Penari,https://image.tmdb.org/t/p/w500//63InZxeGgfNQCoWkImR14fB99AY.jpg,https://www.youtube.com/embed/01BPk6M37qs?controls=1&rel=0&mute=1&autoplay=1&loop=1&playlist=01BPk6M37qs
51,122,The Lord of the Rings: The Return of the King,https://image.tmdb.org/t/p/w500//rCzpDGLbOoPwLjy3OAm5NUPOTrC.jpg,https://www.youtube.com/embed/zckJCxYxn1g?controls=1&rel=0&mute=1&autoplay=1&loop=1&playlist=zckJCxYxn1g
52,25237,Come and See,https://image.tmdb.org/t/p/w500//qNbMsKVzigERgJUbwf8pKyZogpb.jpg,https://www.youtube.com/embed/QHqtBZVUsxo?controls=1&rel=0&mute=1&autoplay=1&loop=1&playlist=QHqtBZVUsxo
53,105,Back to the Future,https://image.tmdb.org/t/p/w500//7lyBcpYB0Qt8gYhXYaEZUNlNQAv.jpg,https://www.youtube.com/embed/uduqQYfJ0_w?controls=1&rel=0&mute=1&autoplay=1&loop=1&playlist=uduqQYfJ0_w
54,460458,Resident Evil: Welcome to Raccoon City,https://image.tmdb.org/t/p/w500//7uRbWOXxpWDMtnsd2PF3clu65jc.jpg,https://www.youtube.com/embed/JinQkdowf8k?controls=1&rel=0&mute=1&autoplay=1&loop=1&playlist=JinQkdowf8k
55,13,Forrest Gump,https://image.tmdb.org/t/p/w500//saHP97rTPS5eLmrLQEcANmKrsFl.jpg,https://www.youtube.com/embed/FzNp_s80uXY?controls=1&rel=0&mute=1&autoplay=1&loop=1&playlist=FzNp_s80uXY
56,628900,The Contractor,https://image.tmdb.org/t/p/w500//rJPGPZ5soaG27MK90oKpioSiJE2.jpg,https://www.youtube.com/embed/e7glvM8Xh0w?controls=1&rel=0&mute=1&autoplay=1&loop=1&playlist=e7glvM8Xh0w
57,423,The Pianist,https://image.tmdb.org/t/p/w500//2hFvxCCWrTmCYwfy7yum0GKRi3Y.jpg,https://www.youtube.com/embed/BFwGqLa_oAo?controls=1&rel=0&mute=1&autoplay=1&loop=1&playlist=BFwGqLa_oAo
58,14537,Harakiri,https://image.tmdb.org/t/p/w500//w7pWcLaYQkbtRUn99K6ome0DblL.jpg,https://www.youtube.com/embed/gfABwM-Ppng?controls=1&rel=0&mute=1&autoplay=1&loop=1&playlist=gfABwM-Ppng
59,385128,F9,https://image.tmdb.org/t/p/w500//bOFaAXmWWXC3Rbv4u4uM9ZSzRXP.jpg,https://www.youtube.com/embed/TNpFQa4VM1M?controls=1&rel=0&mute=1&autoplay=1&loop=1&playlist=TNpFQa4VM1M
60,378064,A Silent Voice: The Movie,https://image.tmdb.org/t/p/w500//tuFaWiqX0TXoWu7DGNcmX3UW7sT.jpg,https://www.youtube.com/embed/RI3ABGupjNs?controls=1&rel=0&mute=1&autoplay=1&loop=1&playlist=RI3ABGupjNs
61,795811,Wheel of Fortune and Fantasy,https://image.tmdb.org/t/p/w500//i7G5If3OHorqmp2EuPsMpdfpCeC.jpg,https://www.youtube.com/embed/SsOW5zzQ66k?controls=1&rel=0&mute=1&autoplay=1&loop=1&playlist=SsOW5zzQ66k
62,532067,KonoSuba: God's Blessing on this Wonderful World! Legend of Crimson,https://image.tmdb.org/t/p/w500//j73LuQcA21KvkVFcroWWMN8tTJv.jpg,https://www.youtube.com/embed/5h4rQY9bpgE?controls=1&rel=0&mute=1&autoplay=1&loop=1&playlist=5h4rQY9bpgE
63,618344,Justice League Dark: Apokolips War,https://image.tmdb.org/t/p/w500//c01Y4suApJ1Wic2xLmaq1QYcfoZ.jpg,https://www.youtube.com/embed/tnCkn5xD2jg?controls=1&rel=0&mute=1&autoplay=1&loop=1&playlist=tnCkn5xD2jg
64,894169,Vendetta,https://image.tmdb.org/t/p/w500//7InGE2Sux0o9WGbbn0bl7nZzqEc.jpg,https://www.youtube.com/embed/fktB6Mk-GKI?controls=1&rel=0&mute=1&autoplay=1&loop=1&playlist=fktB6Mk-GKI
65,335,Once Upon a Time in the West,https://image.tmdb.org/t/p/w500//qbYgqOczabWNn2XKwgMtVrntD6P.jpg,https://www.youtube.com/embed/uzrAlM6T6Qg?controls=1&rel=0&mute=1&autoplay=1&loop=1&playlist=uzrAlM6T6Qg
66,914,The Great Dictator,https://image.tmdb.org/t/p/w500//1QpO9wo7JWecZ4NiBuu625FiY1j.jpg,https://www.youtube.com/embed/i1C6qZVeFtA?controls=1&rel=0&mute=1&autoplay=1&loop=1&playlist=i1C6qZVeFtA
67,642208,Supernova,https://image.tmdb.org/t/p/w500//xpLi04zHu36TH8nuvFAwAF3LUkq.jpg,https://www.youtube.com/embed/I4Vk0CVcDts?controls=1&rel=0&mute=1&autoplay=1&loop=1&playlist=I4Vk0CVcDts
68,892153,Tom and Jerry Cowboy Up!,https://image.tmdb.org/t/p/w500//muIaHotSaSUQr0KZCIJOYQEe7y2.jpg,https://www.youtube.com/embed/s5iqJVzhb3Q?controls=1&rel=0&mute=1&autoplay=1&loop=1&playlist=s5iqJVzhb3Q
69,935819,"¿Nos casamos? Sí, mi amor",https://image.tmdb.org/t/p/w500//AihFo8adZ6piwWpS3qvNxaUlTFU.jpg,https://www.youtube.com/embed/qtfLTzdSDcw?controls=1&rel=0&mute=1&autoplay=1&loop=1&playlist=qtfLTzdSDcw
70,438695,Sing 2,https://image.tmdb.org/t/p/w500//aWeKITRFbbwY8txG5uCj4rMCfSP.jpg,https://www.youtube.com/embed/wo2myV-7la4?controls=1&rel=0&mute=1&autoplay=1&loop=1&playlist=wo2myV-7la4
71,522924,The Art of Racing in the Rain,https://image.tmdb.org/t/p/w500//mi5VN4ww0JZgRFJIaPxxTGKjUg7.jpg,https://www.youtube.com/embed/eaxMiwjrJ3Y?controls=1&rel=0&mute=1&autoplay=1&loop=1&playlist=eaxMiwjrJ3Y
72,459151,The Boss Baby: Family Business,https://image.tmdb.org/t/p/w500//kv2Qk9MKFFQo4WQPaYta599HkJP.jpg,https://www.youtube.com/embed/-rF2j6K5FoM?controls=1&rel=0&mute=1&autoplay=1&loop=1&playlist=-rF2j6K5FoM
73,778106,Along for the Ride,https://image.tmdb.org/t/p/w500//d5spmLeGR9kxBRQ6qxCFad1ljvT.jpg,https://www.youtube.com/embed/A1PTIxYrTVw?controls=1&rel=0&mute=1&autoplay=1&loop=1&playlist=A1PTIxYrTVw
74,460465,Mortal Kombat,https://image.tmdb.org/t/p/w500//nkayOAUBUu4mMvyNf9iHSUiPjF1.jpg,https://www.youtube.com/embed/lyP9xZatMYQ?controls=1&rel=0&mute=1&autoplay=1&loop=1&playlist=lyP9xZatMYQ
75,776305,Belle,https://image.tmdb.org/t/p/w500//e143CxHsD7oVxqrxk29I5SJrjrl.jpg,https://www.youtube.com/embed/iLCjdAmsFWo?controls=1&rel=0&mute=1&autoplay=1&loop=1&playlist=iLCjdAmsFWo
76,696806,The Adam Project,https://image.tmdb.org/t/p/w500//wFjboE0aFZNbVOF05fzrka9Fqyx.jpg,https://www.youtube.com/embed/E7UX_d6ccrY?controls=1&rel=0&mute=1&autoplay=1&loop=1&playlist=E7UX_d6ccrY
77,497,The Green Mile,https://image.tmdb.org/t/p/w500//velWPhVMQeQKcxggNEU8YmIo52R.jpg,https://www.youtube.com/embed/YVUz6xZXSzI?controls=1&rel=0&mute=1&autoplay=1&loop=1&playlist=YVUz6xZXSzI
78,575813,Better Days,https://image.tmdb.org/t/p/w500//ev8PDIuKm2j3m3jWxw497zCLjzu.jpg,https://www.youtube.com/embed/mXYifqtNj38?controls=1&rel=0&mute=1&autoplay=1&loop=1&playlist=mXYifqtNj38
79,19995,Avatar,https://image.tmdb.org/t/p/w500//jRXYjXNq0Cs2TcJjLkki24MLp7u.jpg,https://www.youtube.com/embed/197Qfoy-xME?controls=1&rel=0&mute=1&autoplay=1&loop=1&playlist=197Qfoy-xME
80,829557,365 Days: This Day,https://image.tmdb.org/t/p/w500//7qU0SOVcQ8BTJLodcAlulUAG16C.jpg,https://www.youtube.com/embed/pyM3z73oMAk?controls=1&rel=0&mute=1&autoplay=1&loop=1&playlist=pyM3z73oMAk
81,698508,Redeeming Love,https://image.tmdb.org/t/p/w500//pDc2HxQtC0MlKD4QfRvmKREEyhc.jpg,https://www.youtube.com/embed/SagMK3jkzlI?controls=1&rel=0&mute=1&autoplay=1&loop=1&playlist=SagMK3jkzlI
82,860159,Crush,https://image.tmdb.org/t/p/w500//hayr56csDzCSADaejgrRMVPHyDy.jpg,https://www.youtube.com/embed/NHxwLymYHWA?controls=1&rel=0&mute=1&autoplay=1&loop=1&playlist=NHxwLymYHWA
83,290098,The Handmaiden,https://image.tmdb.org/t/p/w500//ic4s9k48semzBCUrbglyCmnGaHJ.jpg,https://www.youtube.com/embed/whldChqCsYk?controls=1&rel=0&mute=1&autoplay=1&loop=1&playlist=whldChqCsYk
84,745881,The Medium,https://image.tmdb.org/t/p/w500//tWoSE8SH6XhgWKHIL3p0sj7lA3V.jpg,https://www.youtube.com/embed/4g-Vy3zPd1w?controls=1&rel=0&mute=1&autoplay=1&loop=1&playlist=4g-Vy3zPd1w
85,324857,Spider-Man: Into the Spider-Verse,https://image.tmdb.org/t/p/w500//iiZZdoQBEYBv6id8su7ImL0oCbD.jpg,https://www.youtube.com/embed/a9s3YCXK6_k?controls=1&rel=0&mute=1&autoplay=1&loop=1&playlist=a9s3YCXK6_k
86,785663,Old Henry,https://image.tmdb.org/t/p/w500//eE1SL0QoDsvAMqQly56IkRtlN1W.jpg,https://www.youtube.com/embed/fHBdCN62gtk?controls=1&rel=0&mute=1&autoplay=1&loop=1&playlist=fHBdCN62gtk
87,311,Once Upon a Time in America,https://image.tmdb.org/t/p/w500//i0enkzsL5dPeneWnjl1fCWm6L7k.jpg,https://www.youtube.com/embed/_gdEuuxW-zk?controls=1&rel=0&mute=1&autoplay=1&loop=1&playlist=_gdEuuxW-zk
88,840882,The Weekend Away,https://image.tmdb.org/t/p/w500//6MS0QEl7UK2gdFFbHfNwuYlsq4H.jpg,https://www.youtube.com/embed/820j10lEAec?controls=1&rel=0&mute=1&autoplay=1&loop=1&playlist=820j10lEAec
89,646385,Scream,https://image.tmdb.org/t/p/w500//1m3W6cpgwuIyjtg5nSnPx7yFkXW.jpg,https://www.youtube.com/embed/EHehbEqBPzM?controls=1&rel=0&mute=1&autoplay=1&loop=1&playlist=EHehbEqBPzM
90,893370,Virus:32,https://image.tmdb.org/t/p/w500//wZiF79hbhLK1U2Pj9bF67NAKXQR.jpg,https://www.youtube.com/embed/qqGQzBGZ0FY?controls=1&rel=0&mute=1&autoplay=1&loop=1&playlist=qqGQzBGZ0FY
91,361743,Top Gun: Maverick,https://image.tmdb.org/t/p/w500//wxP2Mzv9CdjOK6t4dNnFGqIQl0V.jpg,https://www.youtube.com/embed/bPSZ2hvlFh8?controls=1&rel=0&mute=1&autoplay=1&loop=1&playlist=bPSZ2hvlFh8
92,860623,Last Man Down,https://image.tmdb.org/t/p/w500//4B7liCxNCZIZGONmAMkCnxVlZQV.jpg,https://www.youtube.com/embed/Cs5AVa6-M6A?controls=1&rel=0&mute=1&autoplay=1&loop=1&playlist=Cs5AVa6-M6A
93,641960,Four Good Days,https://image.tmdb.org/t/p/w500//uaJmqZxwAsdFLLjPGH5DzIEnbpj.jpg,https://www.youtube.com/embed/uDDCulgiqs4?controls=1&rel=0&mute=1&autoplay=1&loop=1&playlist=uDDCulgiqs4
94,120,The Lord of the Rings: The Fellowship of the Ring,https://image.tmdb.org/t/p/w500//6oom5QYQ2yQTMJIbnvbkBL9cHo6.jpg,https://www.youtube.com/embed/UXgbHdnoJrg?controls=1&rel=0&mute=1&autoplay=1&loop=1&playlist=UXgbHdnoJrg
95,778810,Fireheart,https://image.tmdb.org/t/p/w500//hepwOZWJNUmLzB68gKYEdEJAaD3.jpg,https://www.youtube.com/embed/GDz3qdVQtSI?controls=1&rel=0&mute=1&autoplay=1&loop=1&playlist=GDz3qdVQtSI
96,572154,Rascal Does Not Dream of a Dreaming Girl,https://image.tmdb.org/t/p/w500//7Ai8vNEv4zEveh12JViGikoVPVV.jpg,https://www.youtube.com/embed/JqHS7nylmVQ?controls=1&rel=0&mute=1&autoplay=1&loop=1&playlist=JqHS7nylmVQ
97,299534,Avengers: Endgame,https://image.tmdb.org/t/p/w500//or06FN3Dka5tukK1e9sl16pB3iy.jpg,https://www.youtube.com/embed/8BNA-N717A0?controls=1&rel=0&mute=1&autoplay=1&loop=1&playlist=8BNA-N717A0
98,508965,Klaus,https://image.tmdb.org/t/p/w500//q125RHUDgR4gjwh1QkfYuJLYkL.jpg,https://www.youtube.com/embed/DNNIxgDAW38?controls=1&rel=0&mute=1&autoplay=1&loop=1&playlist=DNNIxgDAW38
99,799876,The Outfit,https://image.tmdb.org/t/p/w500//lZa5EB6PVJBT5mxhgZS5ftqdAm6.jpg,https://www.youtube.com/embed/X3TBM6T1-sM?controls=1&rel=0&mute=1&autoplay=1&loop=1&playlist=X3TBM6T1-sM
100,240,The Godfather: Part II,https://image.tmdb.org/t/p/w500//hek3koDUyRQk7FIhPXsa6mT2Zc3.jpg,https://www.youtube.com/embed/PdEKecHDhG4?controls=1&rel=0&mute=1&autoplay=1&loop=1&playlist=PdEKecHDhG4
101,346,Seven Samurai,https://image.tmdb.org/t/p/w500//iAq0sq42vKTLneVGqHn1D4GzgrM.jpg,https://www.youtube.com/embed/5dZioLIejeo?controls=1&rel=0&mute=1&autoplay=1&loop=1&playlist=5dZioLIejeo
102,567,Rear Window,https://image.tmdb.org/t/p/w500//qitnZcLP7C9DLRuPpmvZ7GiEjJN.jpg,https://www.youtube.com/embed/iZOTTxwzyMU?controls=1&rel=0&mute=1&autoplay=1&loop=1&playlist=iZOTTxwzyMU
103,661231,Operation Mincemeat,https://image.tmdb.org/t/p/w500//tfdfh1mK24VujxT5z11732asxdR.jpg,https://www.youtube.com/embed/gCxi-tf3JJ8?controls=1&rel=0&mute=1&autoplay=1&loop=1&playlist=gCxi-tf3JJ8
104,628914,Queenpins,https://image.tmdb.org/t/p/w500//p5Uz76EOwj9rAsdGxYL8IZGPV2B.jpg,https://www.youtube.com/embed/XFKrYzs65no?controls=1&rel=0&mute=1&autoplay=1&loop=1&playlist=XFKrYzs65no
105,840439,Tarsilinha,https://image.tmdb.org/t/p/w500//szoK1qZ0YThXajLnkE8l7wygXpG.jpg,https://www.youtube.com/embed/sjJKAI3rhpY?controls=1&rel=0&mute=1&autoplay=1&loop=1&playlist=sjJKAI3rhpY
106,424,Schindler's List,https://image.tmdb.org/t/p/w500//sF1U4EUQS8YHUYjNl3pMGNIQyr0.jpg,https://www.youtube.com/embed/bJcLRFWxRno?controls=1&rel=0&mute=1&autoplay=1&loop=1&playlist=bJcLRFWxRno
107,950100,The Hunt,https://image.tmdb.org/t/p/w500//56s8YOd3qj7A7vWNjwjnuumIwHj.jpg,https://www.youtube.com/embed/AkscfgSQRDM?controls=1&rel=0&mute=1&autoplay=1&loop=1&playlist=AkscfgSQRDM
108,16672,Woman in the Dunes,https://image.tmdb.org/t/p/w500//rE6vtXBDXy3cjyFmxfsDese0Eo4.jpg,https://www.youtube.com/embed/WODbLjG4kzw?controls=1&rel=0&mute=1&autoplay=1&loop=1&playlist=WODbLjG4kzw
109,265177,Mommy,https://image.tmdb.org/t/p/w500//3zyQtPg3avKprmJP2gBiYgyWUQC.jpg,https://www.youtube.com/embed/5O31ny_q6lQ?controls=1&rel=0&mute=1&autoplay=1&loop=1&playlist=5O31ny_q6lQ
110,634649,Spider-Man: No Way Home,https://image.tmdb.org/t/p/w500//1g0dhYtq4irTY1GPXvft6k4YLjm.jpg,https://www.youtube.com/embed/vG7-hKnYcxQ?controls=1&rel=0&mute=1&autoplay=1&loop=1&playlist=vG7-hKnYcxQ
111,785985,The Takedown,https://image.tmdb.org/t/p/w500//h5hVeCfYSb8gIO0F41gqidtb0AI.jpg,https://www.youtube.com/embed/iReeddMo_ao?controls=1&rel=0&mute=1&autoplay=1&loop=1&playlist=iReeddMo_ao
112,671043,Spoiled Brats,https://image.tmdb.org/t/p/w500//nW5LHayHlbavYD6XRM9SjKi55uu.jpg,https://www.youtube.com/embed/Pi9fYbM8A0w?controls=1&rel=0&mute=1&autoplay=1&loop=1&playlist=Pi9fYbM8A0w
113,760104,X,https://image.tmdb.org/t/p/w500//woTQx9Q4b8aO13jR9dsj8C9JESy.jpg,https://www.youtube.com/embed/zYVZMei0_tI?controls=1&rel=0&mute=1&autoplay=1&loop=1&playlist=zYVZMei0_tI
114,508943,Luca,https://image.tmdb.org/t/p/w500//jTswp6KyDYKtvC52GbHagrZbGvD.jpg,https://www.youtube.com/embed/N6DY_IkzPCI?controls=1&rel=0&mute=1&autoplay=1&loop=1&playlist=N6DY_IkzPCI
115,510,One Flew Over the Cuckoo's Nest,https://image.tmdb.org/t/p/w500//3jcbDmRFiQ83drXNOvRDeKHxS0C.jpg,https://www.youtube.com/embed/OXrcDonY-B8?controls=1&rel=0&mute=1&autoplay=1&loop=1&playlist=OXrcDonY-B8
116,803114,The Requin,https://image.tmdb.org/t/p/w500//i0z8g2VRZP3dhVvvSMilbOZMKqR.jpg,https://www.youtube.com/embed/kWXK5fibfko?controls=1&rel=0&mute=1&autoplay=1&loop=1&playlist=kWXK5fibfko
117,10376,The Legend of 1900,https://image.tmdb.org/t/p/w500//iOcbJ5pxokOPDRgieVDbsFMrCc6.jpg,https://www.youtube.com/embed/2uf-LDlZMFE?controls=1&rel=0&mute=1&autoplay=1&loop=1&playlist=2uf-LDlZMFE
118,652837,"Josee, the Tiger and the Fish",https://image.tmdb.org/t/p/w500//z1D8xi9x4uEhyFruo7uEHXUMD4K.jpg,https://www.youtube.com/embed/hLEjE77PbcA?controls=1&rel=0&mute=1&autoplay=1&loop=1&playlist=hLEjE77PbcA
119,599,Sunset Boulevard,https://image.tmdb.org/t/p/w500//zt8aQ6ksqK6p1AopC5zVTDS9pKT.jpg,https://www.youtube.com/embed/l6wpYQ00ycU?controls=1&rel=0&mute=1&autoplay=1&loop=1&playlist=l6wpYQ00ycU
120,447362,Life in a Year,https://image.tmdb.org/t/p/w500//bP7u19opmHXYeTCUwGjlLldmUMc.jpg,https://www.youtube.com/embed/BgmJ14p4Uuk?controls=1&rel=0&mute=1&autoplay=1&loop=1&playlist=BgmJ14p4Uuk
121,865686,Good Mourning,https://image.tmdb.org/t/p/w500//1zQzudSCNBGwzL5Y1zoFS8NGBHN.jpg,https://www.youtube.com/embed/mplZ0HtF2qk?controls=1&rel=0&mute=1&autoplay=1&loop=1&playlist=mplZ0HtF2qk
122,870671,The Hunting,https://image.tmdb.org/t/p/w500//kvhrltQIRp1u84ao9uj52YPaWNY.jpg,https://www.youtube.com/embed/JYQ0jumhjhY?controls=1&rel=0&mute=1&autoplay=1&loop=1&playlist=JYQ0jumhjhY
123,92321,Hotarubi no Mori e,https://image.tmdb.org/t/p/w500//mDqzHV8UXWWNpZkoAbKmKX1ZxEE.jpg,https://www.youtube.com/embed/qXLSRH31Yao?controls=1&rel=0&mute=1&autoplay=1&loop=1&playlist=qXLSRH31Yao
124,537061,Steven Universe: The Movie,https://image.tmdb.org/t/p/w500//8mRgpubxHqnqvENK4Bei30xMDvy.jpg,https://www.youtube.com/embed/JNAZS80liqk?controls=1&rel=0&mute=1&autoplay=1&loop=1&playlist=JNAZS80liqk
125,597208,Nightmare Alley,https://image.tmdb.org/t/p/w500//680klE0dIreQQOyWKFgNnCAJtws.jpg,https://www.youtube.com/embed/gJIaxyaZpv8?controls=1&rel=0&mute=1&autoplay=1&loop=1&playlist=gJIaxyaZpv8
126,128,Princess Mononoke,https://image.tmdb.org/t/p/w500//pdtzEreKvKAlqa2YEBaGwiA45V8.jpg,https://www.youtube.com/embed/4OiMOHRDs14?controls=1&rel=0&mute=1&autoplay=1&loop=1&playlist=4OiMOHRDs14
127,675445,PAW Patrol: The Movie,https://image.tmdb.org/t/p/w500//ic0intvXZSfBlYPIvWXpU1ivUCO.jpg,https://www.youtube.com/embed/LRMTr2VZcr8?controls=1&rel=0&mute=1&autoplay=1&loop=1&playlist=LRMTr2VZcr8
128,724089,Gabriel's Inferno: Part II,https://image.tmdb.org/t/p/w500//x5o8cLZfEXMoZczTYWLrUo1P7UJ.jpg,https://www.youtube.com/embed/2QXToVIRD3I?controls=1&rel=0&mute=1&autoplay=1&loop=1&playlist=2QXToVIRD3I
129,238,The Godfather,https://image.tmdb.org/t/p/w500//3bhkrj58Vtu7enYsRolD1fZdja1.jpg,https://www.youtube.com/embed/wA6iB3OZDus?controls=1&rel=0&mute=1&autoplay=1&loop=1&playlist=wA6iB3OZDus
130,121,The Lord of the Rings: The Two Towers,https://image.tmdb.org/t/p/w500//5VTN0pR8gcqV3EPUHHfMGnJYN9L.jpg,https://www.youtube.com/embed/nuTU5XcZTLA?controls=1&rel=0&mute=1&autoplay=1&loop=1&playlist=nuTU5XcZTLA
131,760926,Gold,https://image.tmdb.org/t/p/w500//ejXBuNLvK4kZ7YcqeKqUWnCxdJq.jpg,https://www.youtube.com/embed/1HqBaI-FV7Y?controls=1&rel=0&mute=1&autoplay=1&loop=1&playlist=1HqBaI-FV7Y
132,285,Pirates of the Caribbean: At World's End,https://image.tmdb.org/t/p/w500//2YMnBRh8F6fDGCCEIPk9Hb0cEyB.jpg,https://www.youtube.com/embed/HKSZtp_OGHY?controls=1&rel=0&mute=1&autoplay=1&loop=1&playlist=HKSZtp_OGHY
133,655082,Eiffel,https://image.tmdb.org/t/p/w500//q35Qj9WhxYyPZtrXLUBLOasQvQZ.jpg,https://www.youtube.com/embed/STXwmr01J0o?controls=1&rel=0&mute=1&autoplay=1&loop=1&playlist=STXwmr01J0o
134,12429,Ponyo,https://image.tmdb.org/t/p/w500//yp8vEZflGynlEylxEesbYasc06i.jpg,https://www.youtube.com/embed/9LGh_R4pyF0?controls=1&rel=0&mute=1&autoplay=1&loop=1&playlist=9LGh_R4pyF0
135,635302,Demon Slayer -Kimetsu no Yaiba- The Movie: Mugen Train,https://image.tmdb.org/t/p/w500//h8Rb9gBr48ODIwYUttZNYeMWeUU.jpg,https://www.youtube.com/embed/XbTSLJ62YEM?controls=1&rel=0&mute=1&autoplay=1&loop=1&playlist=XbTSLJ62YEM
136,644479,Dedicated to my ex,https://image.tmdb.org/t/p/w500//xc4bTXVwYNXi10jG9dwcaYt5IpU.jpg,https://www.youtube.com/embed/8JQetsybVcw?controls=1&rel=0&mute=1&autoplay=1&loop=1&playlist=8JQetsybVcw
137,738652,Copshop,https://image.tmdb.org/t/p/w500//szArp3dQlVajpsqpyPFVAFHFsa3.jpg,https://www.youtube.com/embed/lvPDvvjlDqM?controls=1&rel=0&mute=1&autoplay=1&loop=1&playlist=lvPDvvjlDqM
138,19404,Dilwale Dulhania Le Jayenge,https://image.tmdb.org/t/p/w500//2CAL2433ZeIihfX1Hb2139CX0pW.jpg,https://www.youtube.com/embed/oIZ4U21DRlM?controls=1&rel=0&mute=1&autoplay=1&loop=1&playlist=oIZ4U21DRlM
139,274,The Silence of the Lambs,https://image.tmdb.org/t/p/w500//rplLJ2hPcOQmkFhTqUte0MkEaO2.jpg,https://www.youtube.com/embed/-ycE-0_uBs4?controls=1&rel=0&mute=1&autoplay=1&loop=1&playlist=-ycE-0_uBs4
140,539,Psycho,https://image.tmdb.org/t/p/w500//nR4LD4ZJg2n6LZQpcOrLFdMq0cD.jpg,https://www.youtube.com/embed/V8uvfgIPR04?controls=1&rel=0&mute=1&autoplay=1&loop=1&playlist=V8uvfgIPR04
141,441130,Wolfwalkers,https://image.tmdb.org/t/p/w500//ehAKuE48okTuonq6TpsNQj8vFTC.jpg,https://www.youtube.com/embed/vnY27zO1pHg?controls=1&rel=0&mute=1&autoplay=1&loop=1&playlist=vnY27zO1pHg
142,532710,Firestarter,https://image.tmdb.org/t/p/w500//2MTGip0nfahQ1jPQCZSfCsPBZes.jpg,https://www.youtube.com/embed/59MJfJPP5eo?controls=1&rel=0&mute=1&autoplay=1&loop=1&playlist=59MJfJPP5eo
143,278,The Shawshank Redemption,https://image.tmdb.org/t/p/w500//q6y0Go1tsGEsmtFryDOJo3dEmqu.jpg,https://www.youtube.com/embed/PLl99DlL6b4?controls=1&rel=0&mute=1&autoplay=1&loop=1&playlist=PLl99DlL6b4
144,671318,¿Y cómo es él?,https://image.tmdb.org/t/p/w500//wRMNOaEpFftdQD73G0TaKXFJP3.jpg,https://www.youtube.com/embed/yFpdd1VR9XE?controls=1&rel=0&mute=1&autoplay=1&loop=1&playlist=yFpdd1VR9XE
145,833425,No Exit,https://image.tmdb.org/t/p/w500//5cnLoWq9o5tuLe1Zq4BTX4LwZ2B.jpg,https://www.youtube.com/embed/Tt-PDDyiM2E?controls=1&rel=0&mute=1&autoplay=1&loop=1&playlist=Tt-PDDyiM2E
146,778814,Daisy Quokka: World’s Scariest Animal,https://image.tmdb.org/t/p/w500//jjV1DY1SlGI1eUJAXSdre8bpw7t.jpg,https://www.youtube.com/embed/ahu-Jxfcuvo?controls=1&rel=0&mute=1&autoplay=1&loop=1&playlist=ahu-Jxfcuvo
147,698201,Tokyo Revengers,https://image.tmdb.org/t/p/w500//aaOeNpdcpOJf6EcP99icwZXWbYC.jpg,https://www.youtube.com/embed/UY_diXXl4UM?controls=1&rel=0&mute=1&autoplay=1&loop=1&playlist=UY_diXXl4UM
148,637,Life Is Beautiful,https://image.tmdb.org/t/p/w500//mfnkSeeVOBVheuyn2lo4tfmOPQb.jpg,https://www.youtube.com/embed/pAYEQP8gx3w?controls=1&rel=0&mute=1&autoplay=1&loop=1&playlist=pAYEQP8gx3w
149,626735,Dog,https://image.tmdb.org/t/p/w500//rkpLvPDe0ZE62buUS32exdNr7zD.jpg,https://www.youtube.com/embed/ymzLYEFU6wo?controls=1&rel=0&mute=1&autoplay=1&loop=1&playlist=ymzLYEFU6wo
150,872542,Agent Game,https://image.tmdb.org/t/p/w500//qXJFjgcV7ESRHUSxZiBA4PzRMIx.jpg,https://www.youtube.com/embed/ZXgS5a2aqC4?controls=1&rel=0&mute=1&autoplay=1&loop=1&playlist=ZXgS5a2aqC4
151,800510,Kimi,https://image.tmdb.org/t/p/w500//okNgwtxIWzGsNlR3GsOS0i0Qgbn.jpg,https://www.youtube.com/embed/wcjMKQPXOIo?controls=1&rel=0&mute=1&autoplay=1&loop=1&playlist=wcjMKQPXOIo
152,629542,The Bad Guys,https://image.tmdb.org/t/p/w500//7qop80YfuO0BwJa1uXk1DXUUEwv.jpg,https://www.youtube.com/embed/xLbtqFWg6vM?controls=1&rel=0&mute=1&autoplay=1&loop=1&playlist=xLbtqFWg6vM
153,496243,Parasite,https://image.tmdb.org/t/p/w500//7IiTTgloJzvGI1TAYymCfbfl3vT.jpg,https://www.youtube.com/embed/PhPROyE0OaM?controls=1&rel=0&mute=1&autoplay=1&loop=1&playlist=PhPROyE0OaM
154,28,Apocalypse Now,https://image.tmdb.org/t/p/w500//gQB8Y5RCMkv2zwzFHbUJX3kAhvA.jpg,https://www.youtube.com/embed/9l-ViOOFH-s?controls=1&rel=0&mute=1&autoplay=1&loop=1&playlist=9l-ViOOFH-s
155,476669,The King's Man,https://image.tmdb.org/t/p/w500//nj5HmHRZsrYQEYYXyAusFv35erP.jpg,https://www.youtube.com/embed/gWiqN7XHKNI?controls=1&rel=0&mute=1&autoplay=1&loop=1&playlist=gWiqN7XHKNI
156,27205,Inception,https://image.tmdb.org/t/p/w500//edv5CZvWj09upOsy2Y6IwDhK8bt.jpg,https://www.youtube.com/embed/mpj9dL7swwk?controls=1&rel=0&mute=1&autoplay=1&loop=1&playlist=mpj9dL7swwk
157,797838,Firebird,https://image.tmdb.org/t/p/w500//9r1Vf8S3WWNzUIoDXh1kYvRajR3.jpg,https://www.youtube.com/embed/T974I497xoA?controls=1&rel=0&mute=1&autoplay=1&loop=1&playlist=T974I497xoA
158,809140,Father Stu,https://image.tmdb.org/t/p/w500//pLAeWgqXbTeJ2gQtNvRmdIncYsk.jpg,https://www.youtube.com/embed/y1b6JDBb2dQ?controls=1&rel=0&mute=1&autoplay=1&loop=1&playlist=y1b6JDBb2dQ
159,453395,Doctor Strange in the Multiverse of Madness,https://image.tmdb.org/t/p/w500//9Gtg2DzBhmYamXBS1hKAhiwbBKS.jpg,https://www.youtube.com/embed/l575-B5d3rI?controls=1&rel=0&mute=1&autoplay=1&loop=1&playlist=l575-B5d3rI
160,768744,My Hero Academia: World Heroes' Mission,https://image.tmdb.org/t/p/w500//4NUzcKtYPKkfTwKsLjwNt8nRIXV.jpg,https://www.youtube.com/embed/tVioSvi1KyQ?controls=1&rel=0&mute=1&autoplay=1&loop=1&playlist=tVioSvi1KyQ
161,960258,Shark Bait,https://image.tmdb.org/t/p/w500//mVVU9zC8snNHlcqYONY2HOsh9ob.jpg,https://www.youtube.com/embed/3U09a_Gyv6w?controls=1&rel=0&mute=1&autoplay=1&loop=1&playlist=3U09a_Gyv6w
162,680,Pulp Fiction,https://image.tmdb.org/t/p/w500//fIE3lAGcZDV1G6XM5KmuWnNsPp1.jpg,https://www.youtube.com/embed/tGpTpVyI_OQ?controls=1&rel=0&mute=1&autoplay=1&loop=1&playlist=tGpTpVyI_OQ
163,756187,Sneakerella,https://image.tmdb.org/t/p/w500//jJ07f8DTdeWnCKCwDzB4htLXKBN.jpg,https://www.youtube.com/embed/5vmaG3MUrYg?controls=1&rel=0&mute=1&autoplay=1&loop=1&playlist=5vmaG3MUrYg
164,429,"The Good, the Bad and the Ugly",https://image.tmdb.org/t/p/w500//bX2xnavhMYjWDoZp1VM6VnU1xwe.jpg,https://www.youtube.com/embed/OLNktcDs05Y?controls=1&rel=0&mute=1&autoplay=1&loop=1&playlist=OLNktcDs05Y
165,5156,Bicycle Thieves,https://image.tmdb.org/t/p/w500//ihLPR2hiHljvvdTzHk6NeNTVMXf.jpg,https://www.youtube.com/embed/H2P4xo9kmPM?controls=1&rel=0&mute=1&autoplay=1&loop=1&playlist=H2P4xo9kmPM
166,425909,Ghostbusters: Afterlife,https://image.tmdb.org/t/p/w500//sg4xJaufDiQl7caFEskBtQXfD4x.jpg,https://www.youtube.com/embed/lnKmAVLC3jU?controls=1&rel=0&mute=1&autoplay=1&loop=1&playlist=lnKmAVLC3jU
167,22,Pirates of the Caribbean: The Curse of the Black Pearl,https://image.tmdb.org/t/p/w500//z8onk7LV9Mmw6zKz4hT6pzzvmvl.jpg,https://www.youtube.com/embed/naQr0uTrH_s?controls=1&rel=0&mute=1&autoplay=1&loop=1&playlist=naQr0uTrH_s
168,823625,Blacklight,https://image.tmdb.org/t/p/w500//bv9dy8mnwftdY2j6gG39gCfSFpV.jpg,https://www.youtube.com/embed/BJjeZX58mbI?controls=1&rel=0&mute=1&autoplay=1&loop=1&playlist=BJjeZX58mbI
169,527641,Five Feet Apart,https://image.tmdb.org/t/p/w500//kreTuJBkUjVWePRfhHZuYfhNE1T.jpg,https://www.youtube.com/embed/Kwg07npuJhw?controls=1&rel=0&mute=1&autoplay=1&loop=1&playlist=Kwg07npuJhw
170,18148,Tokyo Story,https://image.tmdb.org/t/p/w500//g2YbTYKpY7N2yDSk7BfXZ18I5QV.jpg,https://www.youtube.com/embed/5zEKw4VQIeY?controls=1&rel=0&mute=1&autoplay=1&loop=1&playlist=5zEKw4VQIeY
171,698128,Dual,https://image.tmdb.org/t/p/w500//AtvPIZ2D0w57JlYRX5w5UatGIf4.jpg,https://www.youtube.com/embed/uPzyA1gMNsM?controls=1&rel=0&mute=1&autoplay=1&loop=1&playlist=uPzyA1gMNsM
172,919689,War of the Worlds: Annihilation,https://image.tmdb.org/t/p/w500//9eiUNsUAw2iwVyMeXNNiNQQad4E.jpg,https://www.youtube.com/embed/Y19fvBcTOnw?controls=1&rel=0&mute=1&autoplay=1&loop=1&playlist=Y19fvBcTOnw
173,800937,Senior Year,https://image.tmdb.org/t/p/w500//6UqbcDQhCYpxboK58Z0eVfdeHcT.jpg,https://www.youtube.com/embed/cKt4BzXkZT8?controls=1&rel=0&mute=1&autoplay=1&loop=1&playlist=cKt4BzXkZT8
174,40096,A Dog's Will,https://image.tmdb.org/t/p/w500//m8eFedsS7vQCZCS8WGp5n1bVD0q.jpg,https://www.youtube.com/embed/wDVdgnhiNlY?controls=1&rel=0&mute=1&autoplay=1&loop=1&playlist=wDVdgnhiNlY
175,508947,Turning Red,https://image.tmdb.org/t/p/w500//qsdjk9oAKSQMWs0Vt5Pyfh6O4GZ.jpg,https://www.youtube.com/embed/3U7KaI_NPGg?controls=1&rel=0&mute=1&autoplay=1&loop=1&playlist=3U7KaI_NPGg
176,585378,After Yang,https://image.tmdb.org/t/p/w500//qjEuDeKOhA7JqaaqhLSfoS9titb.jpg,https://www.youtube.com/embed/OO9oWkxdmb8?controls=1&rel=0&mute=1&autoplay=1&loop=1&playlist=OO9oWkxdmb8
177,556574,Hamilton,https://image.tmdb.org/t/p/w500//h1B7tW0t399VDjAcWJh8m87469b.jpg,https://www.youtube.com/embed/asfLNbrSPv4?controls=1&rel=0&mute=1&autoplay=1&loop=1&playlist=asfLNbrSPv4
178,619803,The Roundup,https://image.tmdb.org/t/p/w500//aTogcymFfYXYb2sx950ntIpgOJe.jpg,https://www.youtube.com/embed/ziG80PNrJYI?controls=1&rel=0&mute=1&autoplay=1&loop=1&playlist=ziG80PNrJYI
179,592695,Pleasure,https://image.tmdb.org/t/p/w500//t3SEI2YI81oO3nEgjJ9jMAIKApY.jpg,https://www.youtube.com/embed/ZwEjon3mIVw?controls=1&rel=0&mute=1&autoplay=1&loop=1&playlist=ZwEjon3mIVw
180,568124,Encanto,https://image.tmdb.org/t/p/w500//4j0PNHkMr5ax3IA8tjtxcmPU3QT.jpg,https://www.youtube.com/embed/bjMFebB2Coo?controls=1&rel=0&mute=1&autoplay=1&loop=1&playlist=bjMFebB2Coo
181,372754,Dou kyu sei – Classmates,https://image.tmdb.org/t/p/w500//cIfRCA5wEvj9tApca4UDUagQEiM.jpg,https://www.youtube.com/embed/wFQTncSyukA?controls=1&rel=0&mute=1&autoplay=1&loop=1&playlist=wFQTncSyukA
182,12493,High and Low,https://image.tmdb.org/t/p/w500//tgNjemQPG96uIezpiUiXFcer5ga.jpg,https://www.youtube.com/embed/LV3z2Ytxu90?controls=1&rel=0&mute=1&autoplay=1&loop=1&playlist=LV3z2Ytxu90
183,155,The Dark Knight,https://image.tmdb.org/t/p/w500//qJ2tW6WMUDux911r6m7haRef0WH.jpg,https://www.youtube.com/embed/QEBCT-Lsh-A?controls=1&rel=0&mute=1&autoplay=1&loop=1&playlist=QEBCT-Lsh-A
184,937337,What a Father!,https://image.tmdb.org/t/p/w500//IkdBm3dDA11pNFlbkLcU5WdESn.jpg,https://www.youtube.com/embed/J-3xD2ok2FQ?controls=1&rel=0&mute=1&autoplay=1&loop=1&playlist=J-3xD2ok2FQ
185,957691,Kaliwaan,https://image.tmdb.org/t/p/w500//6of9dZ3RAF445ruhAfKHRtwQbSk.jpg,https://www.youtube.com/embed/sBTl1FodFXA?controls=1&rel=0&mute=1&autoplay=1&loop=1&playlist=sBTl1FodFXA
186,592350,My Hero Academia: Heroes Rising,https://image.tmdb.org/t/p/w500//zGVbrulkupqpbwgiNedkJPyQum4.jpg,https://www.youtube.com/embed/ezHmHHt0B78?controls=1&rel=0&mute=1&autoplay=1&loop=1&playlist=ezHmHHt0B78
187,550,Fight Club,https://image.tmdb.org/t/p/w500//pB8BM7pdSp6B6Ih7QZ4DrQ3PmJK.jpg,https://www.youtube.com/embed/BdJKm16Co6M?controls=1&rel=0&mute=1&autoplay=1&loop=1&playlist=BdJKm16Co6M
188,634429,Shin Ultraman,https://image.tmdb.org/t/p/w500//5Ax8XcDzKliN4Yryu7GWLma2OHw.jpg,https://www.youtube.com/embed/2XK23KGM-eA?controls=1&rel=0&mute=1&autoplay=1&loop=1&playlist=2XK23KGM-eA
189,129,Spirited Away,https://image.tmdb.org/t/p/w500//39wmItIWsg5sZMyRUHLkWBcuVCM.jpg,https://www.youtube.com/embed/ByXuk9QqQkk?controls=1&rel=0&mute=1&autoplay=1&loop=1&playlist=ByXuk9QqQkk
190,676705,Pil's Adventures,https://image.tmdb.org/t/p/w500//abPQVYyNfVuGoFUfGVhlNecu0QG.jpg,https://www.youtube.com/embed/4A0muKc83Nc?controls=1&rel=0&mute=1&autoplay=1&loop=1&playlist=4A0muKc83Nc
191,606402,Yaksha: Ruthless Operations,https://image.tmdb.org/t/p/w500//7MDgiFOPUCeG74nQsMKJuzTJrtc.jpg,https://www.youtube.com/embed/G71-DM4X01A?controls=1&rel=0&mute=1&autoplay=1&loop=1&playlist=G71-DM4X01A
192,4935,Howl's Moving Castle,https://image.tmdb.org/t/p/w500//TkTPELv4kC3u1lkloush8skOjE.jpg,https://www.youtube.com/embed/iwROgK94zcM?controls=1&rel=0&mute=1&autoplay=1&loop=1&playlist=iwROgK94zcM
193,704264,Primal: Tales of Savagery,https://image.tmdb.org/t/p/w500//gLVhFIZArwuRCt8tin0KRBLk2Qn.jpg,https://www.youtube.com/embed/vaOn8koDa9E?controls=1&rel=0&mute=1&autoplay=1&loop=1&playlist=vaOn8koDa9E
194,883502,Fortress: Sniper's Eye,https://image.tmdb.org/t/p/w500//61J34xHVVdQHbJ4MSCWQo4e727v.jpg,https://www.youtube.com/embed/uF4f_nlJpvY?controls=1&rel=0&mute=1&autoplay=1&loop=1&playlist=uF4f_nlJpvY
195,843241,The Seven Deadly Sins: Cursed by Light,https://image.tmdb.org/t/p/w500//k0ThmZQl5nHe4JefC2bXjqtgYp0.jpg,https://www.youtube.com/embed/ryRQCjV7TN8?controls=1&rel=0&mute=1&autoplay=1&loop=1&playlist=ryRQCjV7TN8
196,675353,Sonic the Hedgehog 2,https://image.tmdb.org/t/p/w500//6DrHO1jr3qVrViUO6s6kFiAGM7.jpg,https://www.youtube.com/embed/9djAMds545g?controls=1&rel=0&mute=1&autoplay=1&loop=1&playlist=9djAMds545g
197,860860,Private Property,https://image.tmdb.org/t/p/w500//y6BumYX7XTfilFWAZFnlOj8Y5ya.jpg,https://www.youtube.com/embed/hH1X_epP_f4?controls=1&rel=0&mute=1&autoplay=1&loop=1&playlist=hH1X_epP_f4
198,928381,Restless,https://image.tmdb.org/t/p/w500//9MP21x0OPv0R72obd63tMHssmGt.jpg,https://www.youtube.com/embed/L8tCoWmooRE?controls=1&rel=0&mute=1&autoplay=1&loop=1&playlist=L8tCoWmooRE
199,512195,Red Notice,https://image.tmdb.org/t/p/w500//lAXONuqg41NwUMuzMiFvicDET9Y.jpg,https://www.youtube.com/embed/Pj0wz7zu3Ms?controls=1&rel=0&mute=1&autoplay=1&loop=1&playlist=Pj0wz7zu3Ms
200,938596,Bull Shark,https://image.tmdb.org/t/p/w500//wGE4ImqYjJZQi3xFu4I2OLm8m0w.jpg,https://www.youtube.com/embed/IwDBqGDZwJA?controls=1&rel=0&mute=1&autoplay=1&loop=1&playlist=IwDBqGDZwJA
201,879957,Wyrmwood: Apocalypse,https://image.tmdb.org/t/p/w500//b1OSwHDIflDSbirMr6k3Ivqf2yu.jpg,https://www.youtube.com/embed/rClY9Vp4kCs?controls=1&rel=0&mute=1&autoplay=1&loop=1&playlist=rClY9Vp4kCs
202,580489,Venom: Let There Be Carnage,https://image.tmdb.org/t/p/w500//rjkmN1dniUHVYAtwuV3Tji7FsDO.jpg,https://www.youtube.com/embed/j5Jq6jA1jLA?controls=1&rel=0&mute=1&autoplay=1&loop=1&playlist=j5Jq6jA1jLA
203,724080,Cinta Subuh,https://image.tmdb.org/t/p/w500//kbAiTLgFwbxppmQLAV5VyzIVViW.jpg,https://www.youtube.com/embed/DD79b9xhvkI?controls=1&rel=0&mute=1&autoplay=1&loop=1&playlist=DD79b9xhvkI
204,955971,Honeymoon With My Mother,https://image.tmdb.org/t/p/w500//zmXaK4ajfTUOeb8K13uQ4fNfE8L.jpg,https://www.youtube.com/embed/Y3jXdxCS05U?controls=1&rel=0&mute=1&autoplay=1&loop=1&playlist=Y3jXdxCS05U
205,554230,The Lost Daughter,https://image.tmdb.org/t/p/w500//t1oLNRFixpFOVsyz1HCqCUW3wiW.jpg,https://www.youtube.com/embed/9lT4VxA1SDo?controls=1&rel=0&mute=1&autoplay=1&loop=1&playlist=9lT4VxA1SDo
206,774825,The Ice Age Adventures of Buck Wild,https://image.tmdb.org/t/p/w500//zzXFM4FKDG7l1ufrAkwQYv2xvnh.jpg,https://www.youtube.com/embed/0U0L4uT0btQ?controls=1&rel=0&mute=1&autoplay=1&loop=1&playlist=0U0L4uT0btQ
207,730047,Cyrano,https://image.tmdb.org/t/p/w500//e4koV8iC2cCM57bqUnEnIL2a2zH.jpg,https://www.youtube.com/embed/Nma7-SPO720?controls=1&rel=0&mute=1&autoplay=1&loop=1&playlist=Nma7-SPO720
208,758724,The Cellar,https://image.tmdb.org/t/p/w500//rtfGeS5WMXA6PtikIYUmYTSbVdg.jpg,https://www.youtube.com/embed/pD9o8H9r9QQ?controls=1&rel=0&mute=1&autoplay=1&loop=1&playlist=pD9o8H9r9QQ
209,335787,Uncharted,https://image.tmdb.org/t/p/w500//tlZpSxYuBRoVJBOpUrPdQe9FmFq.jpg,https://www.youtube.com/embed/QzCVG1ITcS8?controls=1&rel=0&mute=1&autoplay=1&loop=1&playlist=QzCVG1ITcS8
210,632727,Texas Chainsaw Massacre,https://image.tmdb.org/t/p/w500//meRIRfADEGVo65xgPO6eZvJ0CRG.jpg,https://www.youtube.com/embed/zcI6SFiK_yk?controls=1&rel=0&mute=1&autoplay=1&loop=1&playlist=zcI6SFiK_yk
211,389,12 Angry Men,https://image.tmdb.org/t/p/w500//wh0f80G6GZvYBNiYmvqFngt3IYq.jpg,https://www.youtube.com/embed/_13J_9B5jEk?controls=1&rel=0&mute=1&autoplay=1&loop=1&playlist=_13J_9B5jEk
212,763285,Ambulance,https://image.tmdb.org/t/p/w500//zT5ynZ0UR6HFfWQSRf2uKtqCyWD.jpg,https://www.youtube.com/embed/6BexHpiCI3k?controls=1&rel=0&mute=1&autoplay=1&loop=1&playlist=6BexHpiCI3k
213,696374,Gabriel's Inferno,https://image.tmdb.org/t/p/w500//oyG9TL7FcRP4EZ9Vid6uKzwdndz.jpg,https://www.youtube.com/embed/kgWFjmiqHmQ?controls=1&rel=0&mute=1&autoplay=1&loop=1&playlist=kgWFjmiqHmQ
214,630566,Clouds,https://image.tmdb.org/t/p/w500//d0OdD1I8qAfETvE9Rp9Voq7R8LR.jpg,https://www.youtube.com/embed/OWEgUhWU4g4?controls=1&rel=0&mute=1&autoplay=1&loop=1&playlist=OWEgUhWU4g4
215,517302,Hatching,https://image.tmdb.org/t/p/w500//jJbxft0A2iQtH7ZWsGtgCfOq05b.jpg,https://www.youtube.com/embed/DS1oDoElwqc?controls=1&rel=0&mute=1&autoplay=1&loop=1&playlist=DS1oDoElwqc
216,587412,K.G.F: Chapter 2,https://image.tmdb.org/t/p/w500//khNVygolU0TxLIDWff5tQlAhZ23.jpg,https://www.youtube.com/embed/Qah9sSIXJqk?controls=1&rel=0&mute=1&autoplay=1&loop=1&playlist=Qah9sSIXJqk
217,550988,Free Guy,https://image.tmdb.org/t/p/w500//xmbU4JTUm8rsdtn7Y3Fcm30GpeT.jpg,https://www.youtube.com/embed/Wzv4JknkC4E?controls=1&rel=0&mute=1&autoplay=1&loop=1&playlist=Wzv4JknkC4E
218,797,Persona,https://image.tmdb.org/t/p/w500//bdXbfUir63TQHA5NTNcXPICZCW8.jpg,https://www.youtube.com/embed/_o-PI6H7D64?controls=1&rel=0&mute=1&autoplay=1&loop=1&playlist=_o-PI6H7D64
219,337404,Cruella,https://image.tmdb.org/t/p/w500//wToO8opxkGwKgSfJ1JK8tGvkG6U.jpg,https://www.youtube.com/embed/57SYFRtLoLo?controls=1&rel=0&mute=1&autoplay=1&loop=1&playlist=57SYFRtLoLo
220,845885,Dark Blood,https://image.tmdb.org/t/p/w500//v78bAY02eCUv7lkpEpOVlRkqZDJ.jpg,https://www.youtube.com/embed/cxMU62lRCZc?controls=1&rel=0&mute=1&autoplay=1&loop=1&playlist=cxMU62lRCZc
221,820446,Downton Abbey: A New Era,https://image.tmdb.org/t/p/w500//z8sUN5x17pFHy033EsFfaozTKCl.jpg,https://www.youtube.com/embed/UbFYvtEjmew?controls=1&rel=0&mute=1&autoplay=1&loop=1&playlist=UbFYvtEjmew
222,101,Léon: The Professional,https://image.tmdb.org/t/p/w500//yI6X2cCM5YPJtxMhUd3dPGqDAhw.jpg,https://www.youtube.com/embed/aNQqoExfQsg?controls=1&rel=0&mute=1&autoplay=1&loop=1&playlist=aNQqoExfQsg
223,829358,Queen of Spades,https://image.tmdb.org/t/p/w500//4IKBzVBPLXu9p5cfEfdJjHdlafV.jpg,https://www.youtube.com/embed/99rqjAbDfYU?controls=1&rel=0&mute=1&autoplay=1&loop=1&playlist=99rqjAbDfYU
224,42269,We All Loved Each Other So Much,https://image.tmdb.org/t/p/w500//zGGWYpiKNwjpKxelPxOMqJnUgDs.jpg,https://www.youtube.com/embed/Galh1EldCH8?controls=1&rel=0&mute=1&autoplay=1&loop=1&playlist=Galh1EldCH8
225,818750,The In Between,https://image.tmdb.org/t/p/w500//7RcyjraM1cB1Uxy2W9ZWrab4KCw.jpg,https://www.youtube.com/embed/XpRmKWeLpjc?controls=1&rel=0&mute=1&autoplay=1&loop=1&playlist=XpRmKWeLpjc
226,338953,Fantastic Beasts: The Secrets of Dumbledore,https://image.tmdb.org/t/p/w500//jrgifaYeUtTnaH7NF5Drkgjg2MB.jpg,https://www.youtube.com/embed/qDd3eAuFZjM?controls=1&rel=0&mute=1&autoplay=1&loop=1&playlist=qDd3eAuFZjM
227,566525,Shang-Chi and the Legend of the Ten Rings,https://image.tmdb.org/t/p/w500//1BIoJGKbXjdFDAqUEiA2VHqkK1Z.jpg,https://www.youtube.com/embed/kpsIu6goKGg?controls=1&rel=0&mute=1&autoplay=1&loop=1&playlist=kpsIu6goKGg
228,157336,Interstellar,https://image.tmdb.org/t/p/w500//gEU2QniE6E77NI6lCU6MxlNBvIx.jpg,https://www.youtube.com/embed/KlyknsTJk0w?controls=1&rel=0&mute=1&autoplay=1&loop=1&playlist=KlyknsTJk0w
229,872177,Corrective Measures,https://image.tmdb.org/t/p/w500//9qG7cBhu444BYmcIOeoLJoCBMuO.jpg,https://www.youtube.com/embed/ltOMZYgEapo?controls=1&rel=0&mute=1&autoplay=1&loop=1&playlist=ltOMZYgEapo
230,16052,Selena,https://image.tmdb.org/t/p/w500//j8xX3yBAFOayfSaImgLZPnAcdWz.jpg,https://www.youtube.com/embed/G32hJyq3tmw?controls=1&rel=0&mute=1&autoplay=1&loop=1&playlist=G32hJyq3tmw
231,299536,Avengers: Infinity War,https://image.tmdb.org/t/p/w500//7WsyChQLEftFiDOVTGkv3hFpyyt.jpg,https://www.youtube.com/embed/_XkUdr0EDwk?controls=1&rel=0&mute=1&autoplay=1&loop=1&playlist=_XkUdr0EDwk
232,73,American History X,https://image.tmdb.org/t/p/w500//c2gsmSQ2Cqv8zosqKOCwRS0GFBS.jpg,https://www.youtube.com/embed/JsPW6Fj3BUI?controls=1&rel=0&mute=1&autoplay=1&loop=1&playlist=JsPW6Fj3BUI
233,18491,Neon Genesis Evangelion: The End of Evangelion,https://image.tmdb.org/t/p/w500//j6G24dqI4WgUtChhWjfnI4lnmiK.jpg,https://www.youtube.com/embed/Y9cXQfLdGfQ?controls=1&rel=0&mute=1&autoplay=1&loop=1&playlist=Y9cXQfLdGfQ
234,825808,See for Me,https://image.tmdb.org/t/p/w500//g2n1lFIFXC0lpG32ysUhFi0Uz61.jpg,https://www.youtube.com/embed/fRylECypT_c?controls=1&rel=0&mute=1&autoplay=1&loop=1&playlist=fRylECypT_c
235,933554,2000 Mules,https://image.tmdb.org/t/p/w500//9UzHZdXIIIbixHIwGZCN9VqplVG.jpg,https://www.youtube.com/embed/FGv_iI-A11g?controls=1&rel=0&mute=1&autoplay=1&loop=1&playlist=FGv_iI-A11g
236,810693,Jujutsu Kaisen 0,https://image.tmdb.org/t/p/w500//3pTwMUEavTzVOh6yLN0aEwR7uSy.jpg,https://www.youtube.com/embed/2docezZl574?controls=1&rel=0&mute=1&autoplay=1&loop=1&playlist=2docezZl574
237,769,GoodFellas,https://image.tmdb.org/t/p/w500//aKuFiU82s5ISJpGZp7YkIr3kCUd.jpg,https://www.youtube.com/embed/Zll4cjyk6sU?controls=1&rel=0&mute=1&autoplay=1&loop=1&playlist=Zll4cjyk6sU
238,893575,Paap Punno,https://image.tmdb.org/t/p/w500//fepSKV4QnHgAe3zRKMA98r1ccMm.jpg,https://www.youtube.com/embed/WzoaswBNAvg?controls=1&rel=0&mute=1&autoplay=1&loop=1&playlist=WzoaswBNAvg
239,244786,Whiplash,https://image.tmdb.org/t/p/w500//6uSPcdGNA2A6vJmCagXkvnutegs.jpg,https://www.youtube.com/embed/fHAfUSBc0pg?controls=1&rel=0&mute=1&autoplay=1&loop=1&playlist=fHAfUSBc0pg
240,754067,Vicky and Her Mystery,https://image.tmdb.org/t/p/w500//u6fBXfWU7jaG0zWYiOvh1myEQC.jpg,https://www.youtube.com/embed/EXuJsmqd-M0?controls=1&rel=0&mute=1&autoplay=1&loop=1&playlist=EXuJsmqd-M0
241,811656,Monstrous,https://image.tmdb.org/t/p/w500//ec3aX4DyjepEhPkpIUukaBxKpN3.jpg,https://www.youtube.com/embed/4bRnHRf6zv4?controls=1&rel=0&mute=1&autoplay=1&loop=1&playlist=4bRnHRf6zv4
242,660120,The Worst Person in the World,https://image.tmdb.org/t/p/w500//4dF5NT1dxw4CItns4ckXq4309bg.jpg,https://www.youtube.com/embed/bGya9cvLuyM?controls=1&rel=0&mute=1&autoplay=1&loop=1&playlist=bGya9cvLuyM
243,780609,Men,https://image.tmdb.org/t/p/w500//jo1Kv3P3UgDVk7JnUFr2Cl8WWUM.jpg,https://www.youtube.com/embed/HC3-EKo91Dc?controls=1&rel=0&mute=1&autoplay=1&loop=1&playlist=HC3-EKo91Dc
244,901,City Lights,https://image.tmdb.org/t/p/w500//bXNvzjULc9jrOVhGfjcc64uKZmZ.jpg,https://www.youtube.com/embed/SNiBCXbTu5A?controls=1&rel=0&mute=1&autoplay=1&loop=1&playlist=SNiBCXbTu5A
245,864116,A Day to Die,https://image.tmdb.org/t/p/w500//8Kce1utfytAG5m1PbtVoDzmDZJH.jpg,https://www.youtube.com/embed/kPSCoh_vJbM?controls=1&rel=0&mute=1&autoplay=1&loop=1&playlist=kPSCoh_vJbM
246,753232,The Commando,https://image.tmdb.org/t/p/w500//mn1GYIQ1tvFuuu0YBNZBvrHyrkO.jpg,https://www.youtube.com/embed/_EoLNs5m-7Y?controls=1&rel=0&mute=1&autoplay=1&loop=1&playlist=_EoLNs5m-7Y
247,414906,The Batman,https://image.tmdb.org/t/p/w500//74xTEgt7R36Fpooo50r9T25onhq.jpg,https://www.youtube.com/embed/uY6y447Eye4?controls=1&rel=0&mute=1&autoplay=1&loop=1&playlist=uY6y447Eye4
248,615904,Marry Me,https://image.tmdb.org/t/p/w500//ko1JVbGj4bT8IhCWqjBQ6ZtF2t.jpg,https://www.youtube.com/embed/ocxPBbz2FkI?controls=1&rel=0&mute=1&autoplay=1&loop=1&playlist=ocxPBbz2FkI
249,761053,Gabriel's Inferno: Part III,https://image.tmdb.org/t/p/w500//uqmTxOP3gNl5MWRt1wlrUnzTphM.jpg,https://www.youtube.com/embed/mjPUGem9SaY?controls=1&rel=0&mute=1&autoplay=1&loop=1&playlist=mjPUGem9SaY
250,975,Paths of Glory,https://image.tmdb.org/t/p/w500//bczBPKNxk1RnLfKZH4slMDwJTjl.jpg,https://www.youtube.com/embed/yzTwmbXg7pA?controls=1&rel=0&mute=1&autoplay=1&loop=1&playlist=yzTwmbXg7pA
251,807,Se7en,https://image.tmdb.org/t/p/w500//69Sns8WoET6CfaYlIkHbla4l7nC.jpg,https://www.youtube.com/embed/SpKbZ_3zlb0?controls=1&rel=0&mute=1&autoplay=1&loop=1&playlist=SpKbZ_3zlb0
252,639933,The Northman,https://image.tmdb.org/t/p/w500//zhLKlUaF1SEpO58ppHIAyENkwgw.jpg,https://www.youtube.com/embed/o5cbHaffnbI?controls=1&rel=0&mute=1&autoplay=1&loop=1&playlist=o5cbHaffnbI
253,730154,Your Eyes Tell,https://image.tmdb.org/t/p/w500//cVn8E3Fxbi8HzYYtaSfsblYC4gl.jpg,https://www.youtube.com/embed/Sx02Ikxtk-8?controls=1&rel=0&mute=1&autoplay=1&loop=1&playlist=Sx02Ikxtk-8
254,670,Oldboy,https://image.tmdb.org/t/p/w500//pWDtjs568ZfOTMbURQBYuT4Qxka.jpg,https://www.youtube.com/embed/I18wDlx6WzI?controls=1&rel=0&mute=1&autoplay=1&loop=1&playlist=I18wDlx6WzI
255,12477,Grave of the Fireflies,https://image.tmdb.org/t/p/w500//qG3RYlIVpTYclR9TYIsy8p7m7AT.jpg,https://www.youtube.com/embed/4vPeTSRd580?controls=1&rel=0&mute=1&autoplay=1&loop=1&playlist=4vPeTSRd580
256,648579,The Unbearable Weight of Massive Talent,https://image.tmdb.org/t/p/w500//aqhLeieyTpTUKPOfZ3jzo2La0Mq.jpg,https://www.youtube.com/embed/kWkdYnAvg0g?controls=1&rel=0&mute=1&autoplay=1&loop=1&playlist=kWkdYnAvg0g
